{"entities":{"pages":{"Glossary":{"id":"Glossary","title":"Glossary","url":"glossary.html","level":0,"pages":["Nouns","Verbs","Adjectives","Adverbs","Prepositions"],"tabIndex":0},"Nouns":{"id":"Nouns","title":"Nouns","url":"nouns.html","level":1,"parentId":"Glossary","tabIndex":0},"Verbs":{"id":"Verbs","title":"Verbs","url":"verbs.html","level":1,"parentId":"Glossary","tabIndex":1},"Adjectives":{"id":"Adjectives","title":"Adjectives","url":"adjectives.html","level":1,"parentId":"Glossary","tabIndex":2},"Adverbs":{"id":"Adverbs","title":"Adverbs","url":"adverbs.html","level":1,"parentId":"Glossary","tabIndex":3},"Prepositions":{"id":"Prepositions","title":"Prepositions","url":"prepositions.html","level":1,"parentId":"Glossary","tabIndex":4}}},"topLevelIds":["Glossary"]}